City	0
Pittsburgh	0.9986164527482302
Tokyo	0.9985937213156987
Berlin	0.9977200023314561
Austin	0.9976411121230131
Helsinki	0.9976002274530115
