City,0
Shanghai,0.847523847948004
Saint Petersburg,0.7529581591406193
Istanbul,0.7520208173988132
