City,0
Shanghai,0.847523847948004
Saint Petersburg,0.7529581591406193
Istanbul,0.7520208173988132
Mexico City,0.7409039333817196
Medellin,0.7364963520372667
Bangkok,0.733825783438472
Chiang Mai,0.733825783438472
Rio de Janeiro,0.72033319777664
