City,0
Honolulu,0.9420109633314567
Pittsburgh,0.9384273501743048
Seattle,0.9360369575554021
Budapest,0.9352560410174227
