City,0
Boston,0.8491398854606834
Honolulu,0.8454427515446764
New York,0.8409004420405981
San Francisco,0.8404461486598833
