City,0
Marrakesh,0.9433432817791172
Bali,0.9422247694452772
Medellin,0.936998683790099
Las Palmas,0.9302670119133643
Istanbul,0.928153844677152
