City,0
Saint Petersburg,0.7529581591406193
Istanbul,0.7520208173988132
Mexico City,0.7409039333817196
Medellin,0.7364963520372667
