City,0
Honolulu,0.9859839071711172
Seattle,0.9824210427911287
Pittsburgh,0.9821214864602219
New York,0.9815196571232766
